year,date,title,url,pubDate,valid
2024,2024-01-10,????-????????? ????????? 1?10?,https://mp.weixin.qq.com/s/XAMBduTHjHZXmYzXgG5cnA,2024-01-10,true
2024,2024-02-09,????-????? ????????? 2?9?,https://mp.weixin.qq.com/s/O356IeKP9IWoZ5g66FJJCg,2024-02-09,true
2024,2024-03-10,????-????1988? ????????? 3?10?,https://mp.weixin.qq.com/s/0amgLgNKzlTbLrZwit-s1A,2024-03-10,true
2024,2024-04-10,????-??????2800???????? ????????? 4?10?,https://mp.weixin.qq.com/s/6LQW_DNgwQmZ0eTZPRtFbg,2024-04-10,true
2024,2024-05-10,????-?????? ????????? 5?10?,https://mp.weixin.qq.com/s/7xsoSELBor7gbKVd51g5hw,2024-05-10,true
2024,2024-06-11,????-????2450 ????????? 6?11?,https://mp.weixin.qq.com/s/J8cpmvmE6dz_HlcvPukjCA,2024-06-11,true
2024,2024-07-12,????-?????? ????????? 7?12?,https://mp.weixin.qq.com/s/Y8JD18fPtzk25ke5O1rcMw,2024-07-12,true
2024,2024-07-31,????-????????? ????????? 7?31?,https://mp.weixin.qq.com/s/kqXlu-HxUh2hNijq0Wl5Gw,2024-07-31,true
2024,2024-08-10,????-?????? ????????? 8?10?,https://mp.weixin.qq.com/s/-2jGrK5I4PWvJnfhmoraDA,2024-08-10,true
2024,2024-09-10,????-?????? ????????? 9?10?,https://mp.weixin.qq.com/s/YRN1lzXivcpzEwPGpcFW3A,2024-09-10,true
2024,2024-10-11,????-???????? ????????? 10?11?,https://mp.weixin.qq.com/s/BqxKujqYXpn-ScTylhpH-Q,2024-10-11,true
2024,2024-11-10,????-???? ????????? 11?10?,https://mp.weixin.qq.com/s/uLdCAtmo8VvPVqZLvosYhA,2024-11-10,true
2024,2024-12-10,????-?????? ????????? 12?10?,https://mp.weixin.qq.com/s/SYkXrIWOvuieQZMeZwnbWw,2024-12-10,true
